{"paths":{"0":["music/bgm",3],"1":["images/button/btn_share",1],"2":["ball/ball_6",1],"3":["images/yb",1],"4":["effect/effect_3",1],"5":["images/p_yb",1],"6":["ball/ball_8",1],"7":["effect/effect_1",1],"8":["images/button/btn_rest",1],"9":["ball/ball_10",1],"10":["images/xts",1],"11":["ball/ball_wnq",1],"12":["images/finish_back",1],"13":["effect/effect_7",1],"14":["ball/ball_4",1],"15":["images/finish_title_1",1],"16":["images/rank_di",1],"17":["images/gg",1],"18":["images/finish_effect_1",1],"19":["effect/effect_6",1],"20":["effect/effect_8",1],"21":["music/hit",3],"22":["effect/effect_4",1],"23":["ball/ball_7",1],"24":["effect/effect_0",1],"25":["images/b",1],"26":["prefab/tips/tips",1],"27":["images/line",1],"28":["images/button/btn_close",1],"29":["effect/effect_5",1],"30":["images/wnq",1],"31":["effect/effect_9",1],"32":["font/number",1],"33":["effect/effect_2",1],"34":["ball/ball_0",1],"35":["ball/ball_5",1],"36":["ball/ball_3",1],"37":["images/button/btn_star",1],"38":["images/f_t",1],"39":["ball/ball_2",1],"40":["ball/ball_1",1],"41":["ball/ball_9",1],"42":["prefab/BallItem",4],"43":["ball/ball_5",0,1],"44":["font/number",0,1],"45":["images/yb",0,1],"46":["effect/effect_8",0,1],"47":["images/button/btn_star",0,1],"48":["ball/ball_9",0,1],"49":["ball/ball_2",0,1],"50":["images/rank_di",0,1],"51":["prefab/tips/Tips",4],"52":["images/button/btn_rest",0,1],"53":["effect/effect_5",0,1],"54":["ball/ball_4",0,1],"55":["effect/effect_6",0,1],"56":["effect/effect_9",0,1],"57":["ball/ball_8",0,1],"58":["prefab/tips/tips",0,1],"59":["ball/ball_wnq",0,1],"60":["effect/effect_4",0,1],"61":["images/wnq",0,1],"63":["ball/ball_6",0,1],"64":["effect/effect_1",0,1],"65":["effect/effect_2",0,1],"66":["images/line",0,1],"67":["ball/ball_0",0,1],"68":["effect/effect_0",0,1],"69":["images/finish_title_1",0,1],"70":["ball/ball_10",0,1],"71":["ball/ball_3",0,1],"72":["images/button/btn_share",0,1],"73":["images/p_yb",0,1],"74":["font/number",2],"75":["ball/ball_1",0,1],"76":["images/b",0,1],"77":["effect/effect_7",0,1],"78":["images/xts",0,1],"79":["ball/ball_7",0,1],"80":["images/button/btn_close",0,1],"81":["images/f_t",0,1],"82":["effect/effect_3",0,1],"83":["prefab/FinishView",4],"84":["images/finish_back",0,1],"85":["images/gg",0,1],"86":["images/finish_effect_1",0,1]},"types":["cc.SpriteFrame","cc.Texture2D","cc.LabelAtlas","cc.AudioClip","cc.Prefab"],"uuids":["010OkZZxdCnKh73eUJI7S2","02mqJJBalOK60FvZ1XWJlS","0bkHqsvYFPlZK1WOIUBEd9","0coEVWhXdKx6uJ45MHzFoL","0fShvSz/JEOLewjaYI3Wbe","1ebQIfaBJAvZ34enktRyFg","24aq0S5cVKMqDY2Err073F","2bmN5/uupPe6h2Eyxee5fV","3bIdBK8blFcb/z7cErG8sc","40eB1PlxNFibABo6QVmHCa","48JwSWDMpLWIIhns7wuN1x","4dkEyqZudNGpm+TBIEg+iB","4fqcQNQzBC0KN3AeO6IsMp","52WoL+Z+tI+ZLEbnS5L/Wh","57uH/mqLJHgpj0gVotLTlO","5fwPJCWoZDRILmWLqBJpne","68xtuI7hFLsKvt5omB6du6","69DD51c+RIaIa12mHJmGEo","6a21IYeGtAjIQ9Thee9g/Y","75km44qn1DTa5fIGEwsl9B","7639rKbnlNG4g31QkupH65","779MM5m59CoLFJ/jKz1YnZ","7aEAcqdWpMuZIweTpYn0h9","7eO5tIZiFGgq/9RQslbxld","7frKN1kFJHjpxsrflaO4Vf","98xgU05MVPRY5HxT/404lS","a09Z6WYSVLdKSfxu7067oH","a1CYxafFBHabFq40uPUJFT","acNBDTJCVHKZIfYkSPv+IC","b8HSar+I9JY5kw8eykzBAB","b8c16JGS9JGqIymkMTB3gO","bd/2pxUq1L4ZyBcgQ41h9k","c1CD/puA1ANKU33xIqmx9I","d4OyV+bRlIFagrO5vrScbG","d5FxkeZ1VJr7gFX9SzGDY4","d8aWZ5h6dJubspFkPspWAm","deQPbrYF5FVoEVK4Qtdyk+","dfRDu5G6FHz6MscjFvTTSG","e2txUsAs5NHYPPcRmPSv92","f2Lh1yx6FNIopTozwNgclO","f8IYjJphxEQ5COXlcEiQXF","faSlw/jFJIYJ/eWdehNnMj","066Spp51pP47rNMC+R6o5+","0dbDbHxvZPp74Hrj7zK+5Y","10/uPcsTZFKoFGu600ci+j","14FXPvLcVK+bevpK3tRgJU","18UbHWc89IIJq5FLCg9Jjb","1clQ8G/01KVY1dn5Pwk0Sz","1dAMTz3xJMVKyiwluikdDY","25IKORratPkbMNlO85jRsr","36LuYvVNVPbqbBpRx+ogI2","44pjty0AFGaJP9YfDsuJ6E","4aDfcBzFVPQr/McrvnWFAr","4f95UD3mpF/JpX1eUK+ePW","51ndBqY4BAur6OwCfWgr/n","56zM6qjj5HobmtcB2lt0Vt","57lomyLXRIXZy2TwIYJDW+","5an5AGQhtDhbh1b49Jt51h","5dOC+IWLdDS54E+mEqRmu9","5dmfI6dXRHF7IXbmxq7JuV","6aHA3PpkBF17ROGa26wULK","6aiqeAxXJLYrECEtxooHCV","6eBWFz0oVHPLIGQKf/9Thu","710Y1ApSBD4rO5LGehTo5u","75Dml7b8lJr4jo4eifiiIb","7aWVsVBNpKnrZuI8j93HID","89FW7CZiZFsK0fa4G1GYc/","8cSwLU/QZJSoLZ8BO4CJbx","930GFeyQBGaKgkCAuHVh42","95fqZu3bxMpaJaYqcjIqrV","a19boEwbhLP6McRiB4dfk1","afHbnSMVpPnoozGV8DQfY4","b1a9SrWNFGoLBRv9vOTKVZ","b439+fWOhGKqRmGnlGXJgy","b758cnzvpE4ZAiQhOU8JBT","bdB/wKG/1LFpOVoNLYo6Ju","beAcXO+K1NB4kG/JbcVJd6","bfWU0kR9BEsoC4ry8DYdU2","d4YQ8MbFdNjaP3e7E6/OO/","d8KU0ZUaBFSKw9NuGCs5Jv","e3fyOwOedAr6V5oPYIEuxq","e636sdB0RFNLX/TMiVmLIf","eelR8ssiVC2I1uHu1zmafc","f0FiiuvvFOXpEf5Nm0+EK+","f1jAwJD2FO9Lb+x81agaXs","fbDh6OrShAMJHmtLmbQ6bL","fdC9MrUnNOSI03CQ7Ln4VB","02delMVqdBD70a/HSD99FK","8c20Sso/ZEn7NUfNSM+EBh","a2MjXRFdtLlYQ5ouAFv/+R","ecpdLyjvZBwrvm+cedCcQy"],"scenes":{},"redirect":[87,0,90,0],"deps":["internal"],"packs":{"062f36470":[51,58],"06ce63882":[44,74],"07154bfa0":[1,2,3,4,5,6,7,8,9,10,11,12,13,14,15,16,17,18,62,19,20,22,23,24,25,26,27,28,29,30,31,32,33,34,35,36,37,38,39,40,41],"0868a7b11":[52,89,72,76,80,81,83,84,85,86],"0b81c1dcd":[42,43,46,48,49,53,54,55,56,57,59,60,63,64,65,67,88,68,70,71,75,77,79,82]},"name":"resources","importBase":"import","nativeBase":"native","debug":false,"isZip":false,"encrypted":false,"versions":{"import":[0,"d6b0b","062f36470","6f57d","06ce63882","6d71e","07154bfa0","d594a","0868a7b11","98c47","0b81c1dcd","cc244",45,"c5f32",47,"18ba1",50,"7eae6",61,"96c97",21,"2ee48",66,"212d6",69,"2eee4",73,"7d83d",78,"f57b9"],"native":[0,"4fa45",1,"bb891",2,"674c3",3,"11a43",4,"30132",5,"f4249",6,"ea3c2",7,"78798",8,"981ca",9,"a8969",10,"79239",11,"fbf85",12,"46364",13,"874f7",14,"7f18d",15,"8c7d4",16,"ead3d",17,"08b68",18,"2aa7b",62,"6d3cf",19,"0cc5c",20,"a7d90",21,"77fbc",22,"6d199",23,"8a3d2",24,"e26b1",25,"8599f",26,"e8465",27,"9427f",28,"d5ab3",29,"f4f64",30,"2a20b",31,"aba62",32,"79d8e",33,"76103",34,"795c1",35,"43c0b",36,"9fd78",37,"9bcec",38,"8cb39",39,"5b16f",40,"7d421",41,"00a1c"]}}