{"paths":{},"types":[],"uuids":["fb44Kq93BKdZM2U1kawXUJ","010OkZZxdCnKh73eUJI7S2","066Spp51pP47rNMC+R6o5+","0dbDbHxvZPp74Hrj7zK+5Y","14FXPvLcVK+bevpK3tRgJU","1clQ8G/01KVY1dn5Pwk0Sz","1dAMTz3xJMVKyiwluikdDY","25IKORratPkbMNlO85jRsr","51ndBqY4BAur6OwCfWgr/n","5an5AGQhtDhbh1b49Jt51h","5dmfI6dXRHF7IXbmxq7JuV","6aiqeAxXJLYrECEtxooHCV","710Y1ApSBD4rO5LGehTo5u","89FW7CZiZFsK0fa4G1GYc/","8cSwLU/QZJSoLZ8BO4CJbx","a19boEwbhLP6McRiB4dfk1","a2MjXRFdtLlYQ5ouAFv/+R","afHbnSMVpPnoozGV8DQfY4","b1a9SrWNFGoLBRv9vOTKVZ","b439+fWOhGKqRmGnlGXJgy","b758cnzvpE4ZAiQhOU8JBT","bdB/wKG/1LFpOVoNLYo6Ju","beAcXO+K1NB4kG/JbcVJd6","d4YQ8MbFdNjaP3e7E6/OO/","d8KU0ZUaBFSKw9NuGCs5Jv","ecpdLyjvZBwrvm+cedCcQy","f0FiiuvvFOXpEf5Nm0+EK+","fbDh6OrShAMJHmtLmbQ6bL"],"scenes":{"db://assets/scene/MainScene.fire":0},"redirect":[1,0,2,0,3,0,4,0,5,0,6,0,7,0,8,0,9,0,10,0,11,0,12,0,13,0,14,0,15,0,16,0,17,0,18,0,19,0,20,0,21,0,22,0,23,0,24,0,25,1,26,0,27,0],"deps":["resources","internal"],"packs":{},"name":"main","importBase":"import","nativeBase":"native","debug":false,"isZip":false,"encrypted":false,"versions":{"import":[0,"bf041"],"native":[]}}