[1,["ecpdLyjvZBwrvm+cedCcQy","5dOC+IWLdDS54E+mEqRmu9","a09Z6WYSVLdKSfxu7067oH"],["node","root","label","data","_spriteFrame","_textureSetter"],[["cc.PrefabInfo",["fileId","root"],2,1],"cc.SpriteFrame",["cc.Prefab",["_name"],2],["cc.Node",["_name","_children","_components","_prefab","_contentSize"],2,2,9,4,5],["cc.Node",["_name","_parent","_components","_prefab","_contentSize","_trs"],2,1,2,4,5,7],["cc.Sprite",["_type","_sizeMode","node","_materials","_spriteFrame"],1,1,3,6],["cc.Layout",["_resize","_N$layoutType","_N$paddingLeft","_N$paddingRight","node","_layoutSize"],-1,1,5],["b5ba9mmMzhMQbSp71qIUs+A",["node","label"],3,1,1],["cc.Label",["_string","_fontSize","_lineHeight","_N$horizontalAlign","_N$verticalAlign","node","_materials"],-2,1,3]],[[2,0,2],[3,0,1,2,3,4,2],[4,0,1,2,3,4,5,2],[5,0,1,2,3,4,3],[6,0,1,2,3,4,5,5],[7,0,1,1],[0,1,1],[0,0,1,2],[8,0,1,2,3,4,5,6,6]],[[[[0,"Tips"],[1,"Tips",[-6],[[3,1,0,-2,[1],2],[4,1,1,20,20,-3,[5,86.68,50]],[5,-5,-4]],[6,-1],[5,86.68,50]],[2,"label",1,[-7],[7,"a7Neeh8n9DZ4Mf96CEZW7a",1],[5,46.68,37.8],[-3.552713678800501e-15,0,0,0,0,0,1,1,1,1]],[8,"tips",30,30,1,1,2,[0]]],0,[0,1,1,0,0,1,0,0,1,0,2,3,0,0,1,0,-1,2,0,-1,3,0,3,1,7],[0,0,0],[-1,-1,4],[0,0,1]],[[{"name":"tips","rect":[0,0,32,38],"offset":[0,0],"originalSize":[32,38],"capInsets":[13,16,14,17]}],[1],0,[0],[5],[2]]]]