[1,["c1CD/puA1ANKU33xIqmx9I","10/uPcsTZFKoFGu600ci+j"],["_textureSetter","spriteFrame"],["cc.SpriteFrame",["cc.LabelAtlas",["_name","fontSize","_fntConfig"],0]],[[1,0,1,2,4]],[[[{"name":"number","rect":[0,0,415,57],"offset":[-2.5,0],"originalSize":[420,57],"capInsets":[0,0,0,0]}],[0],0,[0],[0],[0]],[[[0,"number",50.160000000000004,{"commonHeight":57,"fontSize":50,"atlasName":"number","fontDefDictionary":{"48":{"xOffset":0,"yOffset":0,"xAdvance":42,"rect":{"x":0,"y":0,"width":42,"height":57}},"49":{"xOffset":0,"yOffset":0,"xAdvance":42,"rect":{"x":42,"y":0,"width":42,"height":57}},"50":{"xOffset":0,"yOffset":0,"xAdvance":42,"rect":{"x":84,"y":0,"width":42,"height":57}},"51":{"xOffset":0,"yOffset":0,"xAdvance":42,"rect":{"x":126,"y":0,"width":42,"height":57}},"52":{"xOffset":0,"yOffset":0,"xAdvance":42,"rect":{"x":168,"y":0,"width":42,"height":57}},"53":{"xOffset":0,"yOffset":0,"xAdvance":42,"rect":{"x":210,"y":0,"width":42,"height":57}},"54":{"xOffset":0,"yOffset":0,"xAdvance":42,"rect":{"x":252,"y":0,"width":42,"height":57}},"55":{"xOffset":0,"yOffset":0,"xAdvance":42,"rect":{"x":294,"y":0,"width":42,"height":57}},"56":{"xOffset":0,"yOffset":0,"xAdvance":42,"rect":{"x":336,"y":0,"width":42,"height":57}},"57":{"xOffset":0,"yOffset":0,"xAdvance":42,"rect":{"x":378,"y":0,"width":42,"height":57}}},"kerningDict":{}}]],0,0,[0],[1],[1]]]]