[1,["ecpdLyjvZBwrvm+cedCcQy","3bIdBK8blFcb/z7cErG8sc","02delMVqdBD70a/HSD99FK","02mqJJBalOK60FvZ1XWJlS","98xgU05MVPRY5HxT/404lS","acNBDTJCVHKZIfYkSPv+IC","e2txUsAs5NHYPPcRmPSv92","a2MjXRFdtLlYQ5ouAFv/+R","fdC9MrUnNOSI03CQ7Ln4VB","e636sdB0RFNLX/TMiVmLIf","f1jAwJD2FO9Lb+x81agaXs","beAcXO+K1NB4kG/JbcVJd6","b1a9SrWNFGoLBRv9vOTKVZ","fbDh6OrShAMJHmtLmbQ6bL","4aDfcBzFVPQr/McrvnWFAr","e3fyOwOedAr6V5oPYIEuxq","b758cnzvpE4ZAiQhOU8JBT","4fqcQNQzBC0KN3AeO6IsMp","69DD51c+RIaIa12mHJmGEo","6a21IYeGtAjIQ9Thee9g/Y"],["node","_textureSetter","_spriteFrame","root","light","score","data","_N$file"],["cc.SpriteFrame",["cc.Node",["_name","_active","_opacity","_prefab","_contentSize","_components","_parent","_trs","_children","_color"],0,4,5,9,1,7,2,5],["cc.Sprite",["_sizeMode","_type","node","_materials","_spriteFrame"],1,1,3,6],["cc.Label",["_string","_N$horizontalAlign","_N$verticalAlign","_fontSize","_lineHeight","_isSystemFontUsed","node","_materials"],-3,1,3],["cc.Widget",["_alignFlags","_top","_bottom","_originalWidth","_originalHeight","node"],-2,1],["cc.PrefabInfo",["fileId","root"],2,1],["cc.Prefab",["_name"],2],["cc.Node",["_name","_parent","_components","_prefab","_contentSize","_trs"],2,1,12,4,5,7],["d10f64MAXlG4LHcByy8VrWX",["node","score","light"],3,1,1,1],["cc.BlockInputEvents",["node"],3,1],["cc.Layout",["_resize","_N$layoutType","_N$spacingX","_N$affectedByScale","node","_layoutSize"],-1,1,5],["cc.Button",["_N$transition","node","clickEvents"],2,1,9],["cc.ClickEvent",["_componentId","handler","target"],1,1],["cc.LabelOutline",["_width","node"],2,1]],[[5,0,1,2],[2,0,2,3,4,2],[1,0,6,5,3,4,7,2],[11,0,1,2,2],[12,0,1,2,3],[1,0,6,8,5,3,4,7,2],[2,2,3,4,1],[6,0,2],[1,0,8,5,3,4,7,2],[1,0,6,8,3,4,7,2],[1,0,1,6,8,5,3,9,4,7,3],[1,0,2,6,5,3,9,4,3],[1,0,6,5,3,4,2],[1,0,6,5,3,9,4,7,2],[7,0,1,2,3,4,5,2],[4,0,5,2],[4,0,1,2,3,4,5,6],[8,0,1,2,1],[9,0,1],[5,1,1],[10,0,1,2,3,4,5,5],[2,1,0,2,3,4,3],[13,0,1,2],[3,0,3,4,5,1,2,6,7,7],[3,0,3,4,1,2,6,7,6],[3,0,1,2,6,7,4]],[[[{"name":"btn_rest","rect":[0,0,271,108],"offset":[0,0],"originalSize":[271,108],"capInsets":[0,0,0,0]}],[0],0,[0],[1],[1]],[[{"name":"default_sprite_splash","rect":[0,0,2,2],"offset":[0,0],"originalSize":[2,2],"capInsets":[0,0,0,0]}],[0],0,[0],[1],[2]],[[{"name":"btn_share","rect":[0,0,268,107],"offset":[0,0],"originalSize":[268,107],"capInsets":[0,0,0,0]}],[0],0,[0],[1],[3]],[[{"name":"b","rect":[0,0,1,1],"offset":[0,0],"originalSize":[1,1],"capInsets":[0,0,0,0]}],[0],0,[0],[1],[4]],[[{"name":"btn_close","rect":[1,1,48,48],"offset":[0,0],"originalSize":[50,50],"capInsets":[0,0,0,0]}],[0],0,[0],[1],[5]],[[{"name":"f_t","rect":[0,0,164,33],"offset":[0,0],"originalSize":[164,33],"capInsets":[0,0,0,0]}],[0],0,[0],[1],[6]],[[[7,"FinishView"],[8,"FinishView",[-7,-8,-9,-10],[[15,45,-2],[17,-5,-4,-3],[18,-6]],[19,-1],[5,720,1280],[360,640,0,0,0,0,1,1,1,1]],[9,"ContentLayout",1,[-11,-12,-13,-14],[0,"a4D9obICpAJLyToCBVaSjz",1],[5,600,400],[0,69.34,0,0,0,0,1,1,1,1]],[5,"ButtomLayout",2,[-16,-17,-18],[[20,1,1,50,true,-15,[5,427.29999999999995,100]]],[0,"19sEJBxgVDkYfcZFK8cRAu",1],[5,427.29999999999995,100],[0,-174.749,0,0,0,0,1,1,1,1]],[10,"RankBtn",false,3,[-21],[[1,0,-19,[10],11],[3,3,-20,[[4,"d10f64MAXlG4LHcByy8VrWX","rankButtonCallback",1]]]],[0,"30/xDQxvBBaYT2Tutyurzo",1],[4,4282764924],[5,200,80],[-135,0,0,0,0,0,1,1,1,0]],[5,"RestGameBtn",3,[-24],[[1,2,-22,[16],17],[3,3,-23,[[4,"d10f64MAXlG4LHcByy8VrWX","restGameButtonCallback",1]]]],[0,"08LJNgcfRDHIXgDrU7SHmg",1],[5,271,108],[118.80000000000003,0,0,0,0,0,1,0.7,0.7,0]],[11,"New Sprite(Splash)",150,1,[[1,0,-25,[0],1],[16,45,-200,-200,100,100,-26]],[0,"c3cga5Q7FIB55qCun8LvTK",1],[4,4278190080],[5,720,1680]],[2,"finish_effect_0",1,[[6,-27,[2],3]],[0,"c5h5FQwulJ9KNMqrQOvIyM",1],[5,670,670],[0,328.594,0,0,0,0,1,1,1,1]],[5,"New Sprite(Splash)",1,[-29],[[21,1,0,-28,[6],7]],[0,"8d2xkkTWBOkJENnOYE3ZHQ",1],[5,600,600],[12.796,88.369,0,0,0,0,1,1,1,1]],[14,"New Label",2,[[-30,[22,2,-31]],1,4],[0,"a43+5DgXdHs4y7dK19r8oB",1],[5,159.6,100],[0,89.377,0,0,0,0,1,1,1,1]],[2,"ShareBtn",3,[[1,2,-32,[12],13],[3,3,-33,[[4,"d10f64MAXlG4LHcByy8VrWX","shareButtonCallback",1]]]],[0,"b5J7kgfLdEAq0v0RcFcMxn",1],[5,268,107],[-119.84999999999997,0,0,0,0,0,1,0.7,0.7,0]],[2,"btn_close",2,[[1,0,-34,[18],19],[3,3,-35,[[4,"d10f64MAXlG4LHcByy8VrWX","closeButtonCallback",1]]]],[0,"21oa+fbXtMSphC3ceGNqWd",1],[5,60,60],[0,-331.097,0,0,0,0,1,1,1,0]],[2,"f_t",8,[[6,-36,[4],5]],[0,"f8YNrdwENGVZ6O8Yq06sS1",1],[5,164,33],[0,243.118,0,0,0,0,1,1,1,1]],[23,"00",95,100,false,1,1,9,[8]],[12,"New Label",4,[[24,"好友排行",30,50,1,1,-37,[9]]],[0,"d5pMpNbSJLQ73hx6QVzjSq",1],[5,120,63]],[2,"gg",5,[[1,0,-38,[14],15]],[0,"0alNCh31FBAY8UIuNQm4jf",1],[5,70,70],[-82.67,7.957,0,0,0,0,1,1,1,1]],[13,"New Label",2,[[25,"超越了89%的玩家",1,1,-39,[20]]],[0,"c3K5JjPIxIQ6vmwdc8/YHL",1],[4,4280623568],[5,320.06,50.4],[0,-74.68,0,0,0,0,1,1,1,1]]],0,[0,3,1,0,0,1,0,4,7,0,5,13,0,0,1,0,0,1,0,-1,6,0,-2,7,0,-3,8,0,-4,2,0,-1,9,0,-2,3,0,-3,11,0,-4,16,0,0,3,0,-1,4,0,-2,10,0,-3,5,0,0,4,0,0,4,0,-1,14,0,0,5,0,0,5,0,-1,15,0,0,6,0,0,6,0,0,7,0,0,8,0,-1,12,0,-1,13,0,0,9,0,0,10,0,0,10,0,0,11,0,0,11,0,0,12,0,0,14,0,0,15,0,0,16,0,6,1,39],[0,0,0,0,0,0,0,0,0,0,0,0,0,0,0,0,0,0,0,0,0,13],[-1,2,-1,2,-1,2,-1,2,-1,-1,-1,2,-1,2,-1,2,-1,2,-1,2,-1,7],[0,7,0,8,0,9,0,10,0,0,0,11,0,12,0,13,0,14,0,15,0,16]],[[{"name":"finish_back","rect":[0,0,558,156],"offset":[0,0],"originalSize":[558,156],"capInsets":[181,111,190,24]}],[0],0,[0],[1],[17]],[[{"name":"gg","rect":[0,1,50,50],"offset":[-1,0],"originalSize":[52,52],"capInsets":[0,0,0,0]}],[0],0,[0],[1],[18]],[[{"name":"finish_effect_1","rect":[0,0,670,670],"offset":[0,0],"originalSize":[670,670],"capInsets":[0,0,0,0]}],[0],0,[0],[1],[19]]]]