[1,["ecpdLyjvZBwrvm+cedCcQy","eelR8ssiVC2I1uHu1zmafc","57lomyLXRIXZy2TwIYJDW+","8cSwLU/QZJSoLZ8BO4CJbx","bdB/wKG/1LFpOVoNLYo6Ju","25IKORratPkbMNlO85jRsr","afHbnSMVpPnoozGV8DQfY4","51ndBqY4BAur6OwCfWgr/n","0dbDbHxvZPp74Hrj7zK+5Y","710Y1ApSBD4rO5LGehTo5u","d8KU0ZUaBFSKw9NuGCs5Jv","5an5AGQhtDhbh1b49Jt51h","1dAMTz3xJMVKyiwluikdDY","a19boEwbhLP6McRiB4dfk1","5dmfI6dXRHF7IXbmxq7JuV","930GFeyQBGaKgkCAuHVh42","75Dml7b8lJr4jo4eifiiIb","7aWVsVBNpKnrZuI8j93HID","6aHA3PpkBF17ROGa26wULK","4f95UD3mpF/JpX1eUK+ePW","56zM6qjj5HobmtcB2lt0Vt","bfWU0kR9BEsoC4ry8DYdU2","18UbHWc89IIJq5FLCg9Jjb","8c20Sso/ZEn7NUfNSM+EBh","d8aWZ5h6dJubspFkPspWAm","7639rKbnlNG4g31QkupH65","faSlw/jFJIYJ/eWdehNnMj","f2Lh1yx6FNIopTozwNgclO","b8HSar+I9JY5kw8eykzBAB","57uH/mqLJHgpj0gVotLTlO","75km44qn1DTa5fIGEwsl9B","bd/2pxUq1L4ZyBcgQ41h9k","24aq0S5cVKMqDY2Err073F","4dkEyqZudNGpm+TBIEg+iB","7aEAcqdWpMuZIweTpYn0h9","0bkHqsvYFPlZK1WOIUBEd9","2bmN5/uupPe6h2Eyxee5fV","d4OyV+bRlIFagrO5vrScbG","d5FxkeZ1VJr7gFX9SzGDY4","6eBWFz0oVHPLIGQKf/9Thu","7frKN1kFJHjpxsrflaO4Vf","40eB1PlxNFibABo6QVmHCa","deQPbrYF5FVoEVK4Qtdyk+","f8IYjJphxEQ5COXlcEiQXF","52WoL+Z+tI+ZLEbnS5L/Wh","7eO5tIZiFGgq/9RQslbxld","0fShvSz/JEOLewjaYI3Wbe"],["_textureSetter","node","_spriteFrame","root","effectSpr","ballSpr","label","data"],["cc.SpriteFrame",["cc.Node",["_name","_active","_parent","_components","_prefab","_contentSize","_color"],1,1,2,4,5,5],["cc.PrefabInfo",["fileId","root"],2,1],["cc.Sprite",["_sizeMode","node","_materials"],2,1,3],["cc.Prefab",["_name"],2],["cc.Node",["_name","_children","_components","_prefab","_contentSize"],2,2,9,4,5],["cc.Node",["_name","_parent","_components","_prefab","_contentSize"],2,1,12,4,5],["f981ag3V75CbJjfAC5q+Bms",["node","label","ballSpr","ballSprFrame","effectSpr","effectSprFrame"],3,1,1,1,3,1,3],["cc.RigidBody",["enabledContactListener","node"],2,1],["cc.PhysicsCircleCollider",["_friction","_restitution","_radius","node"],0,1],["cc.Widget",["_alignFlags","_originalWidth","_originalHeight","node"],0,1],["cc.Label",["_string","_N$horizontalAlign","_N$verticalAlign","node","_materials"],0,1,3]],[[2,0,1,2],[4,0,2],[5,0,1,2,3,4,2],[6,0,1,2,3,4,2],[1,0,1,2,3,4,6,5,3],[1,0,1,2,3,4,5,3],[7,0,1,2,3,4,5,1],[8,0,1,2],[9,0,1,2,3,4],[2,1,1],[10,0,1,2,3,4],[3,0,1,2,2],[3,1,2,1],[11,0,1,2,3,4,4]],[[[[1,"BallItem"],[2,"BallItem",[-8,-9,-10],[[6,-5,-4,-3,[3,4,5,6,7,8,9,10,11,12,13,14],-2,[15,16,17,18,19,20,21,22,23,24,25]],[7,true,-6],[8,1,0.3,70,-7]],[9,-1],[5,140,140]],[3,"ball",1,[[-11,[10,45,40,40,-12]],1,4],[0,"86UZsaOZBFM7UlbUFzaBRd",1],[5,140,140]],[11,0,2,[0]],[4,"label",false,1,[-13],[0,"eb2bfbQMFPIJ7uMJcWtJAh",1],[4,4278190335],[5,22.25,50.4]],[13,"0",1,1,4,[1]],[5,"effect",false,1,[-14],[0,"7cC5YjR0dAtKyUhl4WDf3+",1],[5,300,306]],[12,6,[2]]],0,[0,3,1,0,4,7,0,5,3,0,6,5,0,1,1,0,1,1,0,1,1,0,-1,2,0,-2,4,0,-3,6,0,-1,3,0,1,2,0,-1,5,0,-1,7,0,7,1,14],[0,0,0,0,0,0,0,0,0,0,0,0,0,0,0,0,0,0,0,0,0,0,0,0,0,0,3,7],[-1,-1,-1,-1,-2,-3,-4,-5,-6,-7,-8,-9,-10,-11,-12,-1,-2,-3,-4,-5,-6,-7,-8,-9,-10,-11,2,2],[0,0,0,3,4,5,6,7,8,9,10,11,12,13,14,15,16,17,1,18,19,20,21,22,2,2,23,1]],[[{"name":"ball_5","rect":[0,0,396,396],"offset":[0,0],"originalSize":[396,396],"capInsets":[0,0,0,0]}],[0],0,[0],[0],[24]],[[{"name":"effect_8","rect":[0,0,300,306],"offset":[0,0],"originalSize":[300,306],"capInsets":[0,0,0,0]}],[0],0,[0],[0],[25]],[[{"name":"ball_9","rect":[0,0,391,391],"offset":[0,0],"originalSize":[391,391],"capInsets":[0,0,0,0]}],[0],0,[0],[0],[26]],[[{"name":"ball_2","rect":[0,0,400,400],"offset":[0,0],"originalSize":[400,400],"capInsets":[0,0,0,0]}],[0],0,[0],[0],[27]],[[{"name":"effect_5","rect":[0,0,300,306],"offset":[0,0],"originalSize":[300,306],"capInsets":[0,0,0,0]}],[0],0,[0],[0],[28]],[[{"name":"ball_4","rect":[0,0,394,384],"offset":[0,0],"originalSize":[394,384],"capInsets":[0,0,0,0]}],[0],0,[0],[0],[29]],[[{"name":"effect_6","rect":[0,0,300,306],"offset":[0,0],"originalSize":[300,306],"capInsets":[0,0,0,0]}],[0],0,[0],[0],[30]],[[{"name":"effect_9","rect":[0,0,300,306],"offset":[0,0],"originalSize":[300,306],"capInsets":[0,0,0,0]}],[0],0,[0],[0],[31]],[[{"name":"ball_8","rect":[0,0,396,395],"offset":[0,0],"originalSize":[396,395],"capInsets":[0,0,0,0]}],[0],0,[0],[0],[32]],[[{"name":"ball_wnq","rect":[0,0,60,60],"offset":[0,0],"originalSize":[60,60],"capInsets":[0,0,0,0]}],[0],0,[0],[0],[33]],[[{"name":"effect_4","rect":[0,0,300,306],"offset":[0,0],"originalSize":[300,306],"capInsets":[0,0,0,0]}],[0],0,[0],[0],[34]],[[{"name":"ball_6","rect":[0,0,378,394],"offset":[0,0],"originalSize":[378,394],"capInsets":[0,0,0,0]}],[0],0,[0],[0],[35]],[[{"name":"effect_1","rect":[0,0,300,306],"offset":[0,0],"originalSize":[300,306],"capInsets":[0,0,0,0]}],[0],0,[0],[0],[36]],[[{"name":"effect_2","rect":[0,0,300,306],"offset":[0,0],"originalSize":[300,306],"capInsets":[0,0,0,0]}],[0],0,[0],[0],[37]],[[{"name":"ball_0","rect":[0,0,253,233],"offset":[0,0],"originalSize":[253,233],"capInsets":[0,0,0,0]}],[0],0,[0],[0],[38]],[[{"name":"default_sprite","rect":[0,2,40,36],"offset":[0,0],"originalSize":[40,40],"capInsets":[0,0,0,0]}],[0],0,[0],[0],[39]],[[{"name":"effect_0","rect":[0,0,300,306],"offset":[0,0],"originalSize":[300,306],"capInsets":[0,0,0,0]}],[0],0,[0],[0],[40]],[[{"name":"ball_10","rect":[2,1,295,295],"offset":[-0.5,-0.5],"originalSize":[300,296],"capInsets":[0,0,0,0]}],[0],0,[0],[0],[41]],[[{"name":"ball_3","rect":[0,0,387,387],"offset":[0,0],"originalSize":[387,387],"capInsets":[0,0,0,0]}],[0],0,[0],[0],[42]],[[{"name":"ball_1","rect":[0,0,393,386],"offset":[0,0],"originalSize":[393,386],"capInsets":[0,0,0,0]}],[0],0,[0],[0],[43]],[[{"name":"effect_7","rect":[0,0,300,306],"offset":[0,0],"originalSize":[300,306],"capInsets":[0,0,0,0]}],[0],0,[0],[0],[44]],[[{"name":"ball_7","rect":[0,0,385,385],"offset":[0,0],"originalSize":[385,385],"capInsets":[0,0,0,0]}],[0],0,[0],[0],[45]],[[{"name":"effect_3","rect":[0,0,300,306],"offset":[0,0],"originalSize":[300,306],"capInsets":[0,0,0,0]}],[0],0,[0],[0],[46]]]]